,City,Country,Date,Latitude,Longitude,Cloudiness (%),Humidity (%),Max Temp (F),Wind Speed (mph)
0,cayenne,GF,2020-11-14 10:51:04,4.93,-52.33,100,66,86.26999999999995,3.1
1,sept-iles,CA,2020-11-14 10:47:15,50.2,-66.38,90,95,33.27799999999996,3.1
2,vaini,TO,2020-11-14 10:51:04,-21.2,-175.2,20,88,75.46999999999997,2.1
3,victoria,HK,2020-11-14 10:49:37,22.29,114.16,100,77,73.27400000000002,0.89
4,kruisfontein,ZA,2020-11-14 10:51:04,-34,24.73,26,60,70.26799999999999,3.13
5,atuona,PF,2020-11-14 10:51:05,-9.8,-139.03,79,73,77.61199999999997,6.21
6,korla,CN,2020-11-14 10:51:05,41.76,86.15,56,56,42.242,4.11
7,nelson bay,AU,2020-11-14 10:51:05,-32.72,152.15,2,93,65.26400000000004,2.24
8,aksu,CN,2020-11-14 10:51:05,41.12,80.26,79,61,36.91400000000003,0.56
9,katsuura,JP,2020-11-14 10:51:05,35.13,140.3,20,67,59.26999999999996,3.6
10,cape town,ZA,2020-11-14 10:38:20,-33.93,18.42,75,59,67.26199999999996,6.2
11,badaojiang,,,,,,,,
12,brodokalmak,RU,2020-11-14 10:51:05,55.57,62.08,75,85,14.269999999999957,4
13,saint-philippe,RE,2020-11-14 10:51:05,-21.36,55.77,90,69,75.46999999999997,5.1
14,rajapolah,ID,2020-11-14 10:51:06,-7.22,108.19,93,91,72.57200000000003,0.75
15,vila franca do campo,PT,2020-11-14 10:51:06,37.72,-25.43,75,93,66.46999999999997,8.2
16,saint-pierre,RE,2020-11-14 10:51:06,-21.34,55.48,90,69,75.46999999999997,5.1
17,maine-soroa,NE,2020-11-14 10:51:06,13.21,12.02,1,16,90.87799999999996,6.46
18,watertown,US,2020-11-14 10:46:26,42.37,-71.18,75,66,50.26999999999996,5.1
19,albany,US,2020-11-14 10:50:03,42.6,-73.97,43,60,45.266000000000005,0.45
20,brownwood,US,2020-11-14 10:46:25,31.71,-98.99,1,78,71.86999999999996,7.2
21,srivardhan,IN,2020-11-14 10:51:06,18.03,73.02,0,75,79.98800000000006,3.28
22,bredasdorp,ZA,2020-11-14 10:51:06,-34.53,20.04,98,55,64.66999999999996,7.2
23,roald,NO,2020-11-14 10:51:07,62.58,6.13,75,61,50.26999999999996,5.1
24,fairbanks,US,2020-11-14 10:51:07,64.84,-147.72,90,85,16.069999999999958,1.5
25,carnarvon,AU,2020-11-14 10:51:07,-24.87,113.63,75,68,70.06999999999996,6.7
26,saldanha,ZA,2020-11-14 10:51:07,-33.01,17.94,77,59,64.66999999999996,7.7
27,ushuaia,AR,2020-11-14 10:51:07,-54.8,-68.3,75,65,41.26999999999996,8.7
28,belushya guba,,,,,,,,
29,general pico,AR,2020-11-14 10:51:07,-35.66,-63.76,85,31,76.118,6.09
30,alta floresta,BR,2020-11-14 10:51:07,-9.88,-56.09,20,62,89.86999999999996,2.1
31,tomatlan,MX,2020-11-14 10:51:08,19.93,-105.25,75,61,82.99399999999997,0.38
32,otradnoye,RU,2020-11-14 10:51:08,59.78,30.82,0,94,33.27799999999996,2.24
33,killam,CA,2020-11-14 10:51:08,52.78,-111.85,100,85,25.069999999999958,4.1
34,katangli,RU,2020-11-14 10:51:08,51.71,143.23,3,94,28.49000000000002,4.04
35,yichun,CN,2020-11-14 10:51:08,47.7,128.9,0,87,28.21999999999996,1.23
36,ribeira grande,PT,2020-11-14 10:51:08,38.52,-28.7,75,88,70.06999999999996,8.7
37,rio gallegos,AR,2020-11-14 10:51:09,-51.62,-69.22,75,25,52.069999999999965,16.5
38,mahebourg,MU,2020-11-14 10:51:09,-20.41,57.7,75,94,73.66999999999996,3.6
39,codrington,AU,2020-11-14 10:51:09,-38.27,141.97,1,94,50.48599999999997,3.63
40,hvide sande,DK,2020-11-14 10:51:09,56,8.13,100,79,50.26999999999996,0.89
41,busselton,AU,2020-11-14 10:51:09,-33.65,115.33,17,98,53.27599999999999,6.37
42,tadine,NC,2020-11-14 10:51:09,-21.55,167.88,0,86,73.958,2.66
43,mataura,NZ,2020-11-14 10:51:09,-46.19,168.86,100,62,62.27599999999999,2.24
44,bluff,NZ,2020-11-14 10:51:10,-46.6,168.33,100,62,62.27599999999999,2.24
45,hilo,US,2020-11-14 10:51:10,19.73,-155.09,1,88,68.26999999999995,1.5
46,rikitea,PF,2020-11-14 10:47:35,-23.12,-134.97,81,82,75.74000000000002,6.73
47,new amsterdam,GY,2020-11-14 10:51:10,6.25,-57.52,100,54,91.04000000000002,2.61
48,ucluelet,CA,2020-11-14 10:49:28,48.93,-125.55,75,100,38.26400000000003,2.6
49,kaitangata,NZ,2020-11-14 10:51:10,-46.28,169.85,100,69,60.27799999999996,2.26
50,cidreira,BR,2020-11-14 10:51:10,-30.18,-50.21,0,77,74.984,4.83
51,chokurdakh,RU,2020-11-14 10:51:10,70.63,147.92,51,88,-20.344000000000023,2.48
52,arraial do cabo,BR,2020-11-14 10:51:10,-22.97,-42.03,90,83,80.86999999999996,3.1
53,hithadhoo,MV,2020-11-14 10:51:10,-0.6,73.08,100,76,84.10999999999999,9.35
54,illoqqortoormiut,,,,,,,,
55,jardim,BR,2020-11-14 10:51:11,-21.48,-56.14,1,37,95.70199999999997,3.04
56,usinsk,RU,2020-11-14 10:51:11,65.99,57.53,1,93,6.8539999999999495,5.79
57,punta arenas,CL,2020-11-14 10:51:11,-53.15,-70.92,75,52,46.66999999999996,14.9
58,port macquarie,AU,2020-11-14 10:46:32,-31.43,152.92,2,100,61.26799999999999,1.62
59,upernavik,GL,2020-11-14 10:51:11,72.79,-56.15,91,85,9.266000000000009,5.29
60,gornopravdinsk,RU,2020-11-14 10:51:11,60.05,69.9,91,93,5.99000000000002,3.03
61,rimini,IT,2020-11-14 10:51:11,44.02,12.52,75,93,55.66999999999996,1.5
62,iqaluit,CA,2020-11-14 10:51:12,63.75,-68.51,75,67,17.86999999999996,1.5
63,yellowknife,CA,2020-11-14 10:46:14,62.46,-114.35,90,84,3.46999999999996,1.5
64,waynesville,US,2020-11-14 10:50:09,35.49,-82.99,0,29,56.26400000000004,1.56
65,bloemfontein,ZA,2020-11-14 10:50:39,-29.12,26.21,20,19,86.26999999999995,6.7
66,sturgis,US,2020-11-14 10:51:12,41.8,-85.42,1,80,34.06999999999996,3.6
67,hobart,AU,2020-11-14 10:47:40,-42.88,147.33,90,58,55.66999999999996,4.6
68,pakaur,IN,2020-11-14 10:47:57,24.63,87.85,0,51,72.46400000000003,1.46
69,kavieng,PG,2020-11-14 10:51:12,-2.57,150.8,24,77,83.174,7.52
70,ust-maya,RU,2020-11-14 10:51:12,60.42,134.53,100,96,12.038000000000043,1.53
71,kenai,US,2020-11-14 10:51:12,60.55,-151.26,90,85,26.27599999999999,2.43
72,chuy,UY,2020-11-14 10:51:13,-33.7,-53.46,28,58,77.684,2.65
73,tasiilaq,GL,2020-11-14 10:51:13,65.61,-37.64,75,68,26.86999999999996,3.6
74,hermanus,ZA,2020-11-14 10:51:13,-34.42,19.23,87,72,61.26799999999999,0.89
75,shintomi,JP,2020-11-14 10:51:13,32.08,131.47,0,74,57.938000000000045,2.49
76,dzheguta,RU,2020-11-14 10:51:13,43.97,42.04,95,63,41.19800000000002,1.23
77,chiredzi,ZW,2020-11-14 10:51:13,-21.05,31.67,46,22,85.316,3.26
78,cap malheureux,MU,2020-11-14 10:51:13,-19.98,57.61,4,77,76.26199999999996,1.64
79,jumla,NP,2020-11-14 10:51:13,29.27,82.18,0,53,45.76999999999996,1.91
80,barrow,US,2020-11-14 10:51:13,71.29,-156.79,90,67,19.66999999999996,7.2
81,tambura,SS,2020-11-14 10:51:14,5.6,27.47,58,54,79.358,1.91
82,rafaela,AR,2020-11-14 10:51:14,-31.25,-61.49,100,78,65.26400000000004,2.68
83,barawe,,,,,,,,
84,salou,ES,2020-11-14 10:51:14,41.08,1.14,20,77,64.66999999999996,2.1
85,taolanaro,,,,,,,,
86,sinnamary,GF,2020-11-14 10:51:14,5.38,-52.95,87,83,82.77799999999996,4.53
87,butaritari,KI,2020-11-14 10:51:14,3.07,172.79,40,70,81.33800000000005,3.48
88,campiglia marittima,IT,2020-11-14 10:51:14,43.06,10.62,79,68,68.26999999999995,2.18
89,itaituba,BR,2020-11-14 10:51:15,-4.28,-55.98,75,74,86.26999999999995,1.57
90,baghdad,IQ,2020-11-14 10:48:47,33.34,44.4,0,32,68.26999999999995,2.6
91,sorland,NO,2020-11-14 10:51:15,67.67,12.69,74,76,48.21799999999999,10.75
92,magole,TZ,2020-11-14 10:50:33,-6.37,37.37,40,65,82.66999999999996,5.1
93,tiksi,RU,2020-11-14 10:51:15,71.69,128.87,57,91,-6.8440000000000225,1.59
94,dikson,RU,2020-11-14 10:51:15,73.51,80.55,100,98,26.906000000000027,3.97
95,surt,LY,2020-11-14 10:51:15,31.21,16.59,43,59,69.09800000000003,2.72
96,mys shmidta,,,,,,,,
97,luderitz,NA,2020-11-14 10:51:15,-26.65,15.16,0,67,64.868,9.71
98,tarudant,,,,,,,,
99,pevek,RU,2020-11-14 10:51:16,69.7,170.31,100,92,-0.7599999999999838,4.17
100,basoko,CD,2020-11-14 10:51:16,1.24,23.62,100,88,77.77400000000002,0.58
101,manono,CD,2020-11-14 10:51:16,-7.3,27.42,100,92,74.04800000000003,2.02
102,cherskiy,RU,2020-11-14 10:51:16,68.75,161.3,100,86,-7.978000000000016,2.38
103,avarua,CK,2020-11-14 10:48:03,-21.21,-159.78,20,100,68.26999999999995,1
104,port hawkesbury,CA,2020-11-14 10:51:16,45.62,-61.35,90,93,44.27599999999999,4.1
105,mendi,PG,2020-11-14 10:51:16,-6.18,143.65,91,97,55.45399999999995,1.38
106,agogo,GH,2020-11-14 10:51:16,6.8,-1.08,0,42,88.08800000000005,0.78
107,lebu,CL,2020-11-14 10:51:16,-37.62,-73.65,0,63,55.92200000000004,6.81
108,horta,PT,2020-11-14 10:51:16,38.53,-28.63,75,88,70.06999999999996,8.7
109,college,US,2020-11-14 10:51:17,64.86,-147.8,90,85,16.069999999999958,1.5
110,sao filipe,CV,2020-11-14 10:51:17,14.9,-24.5,0,55,83.40800000000002,2.33
111,jamestown,US,2020-11-14 10:51:17,42.1,-79.24,40,64,42.27799999999996,4.6
112,lorengau,PG,2020-11-14 10:51:17,-2.02,147.27,35,77,82.976,3.82
113,mar del plata,AR,2020-11-14 10:51:17,-38,-57.56,90,88,70.26799999999999,5.1
114,ahuimanu,US,2020-11-14 10:51:17,21.44,-157.84,20,73,77.26999999999995,5.1
115,puerto ayora,EC,2020-11-14 10:51:17,-0.74,-90.35,75,78,75.46999999999997,2.1
116,hami,CN,2020-11-14 10:51:18,42.8,93.45,100,56,42.16999999999996,4.82
117,bubaque,GW,2020-11-14 10:51:18,11.28,-15.83,0,46,85.02799999999996,2.2
118,tuatapere,NZ,2020-11-14 10:51:18,-46.13,167.68,100,62,62.27599999999999,2.24
119,kodiak,US,2020-11-14 10:48:41,57.79,-152.41,1,55,34.06999999999996,5.1
120,nikolskoye,RU,2020-11-14 10:51:18,59.7,30.79,90,80,34.06999999999996,1
121,catia la mar,VE,2020-11-14 10:51:18,10.6,-67.03,40,74,84.46999999999997,2.6
122,fortuna,US,2020-11-14 10:46:40,40.6,-124.16,90,100,44.27599999999999,4.6
123,lodwar,KE,2020-11-14 10:51:18,3.12,35.6,40,33,91.04000000000002,6.43
124,broome,US,2020-11-14 10:51:18,42.25,-75.83,75,55,43.26799999999999,6.2
125,odweyne,SO,2020-11-14 10:51:19,9.41,45.06,25,54,71.31199999999995,7.43
126,khatanga,RU,2020-11-14 10:51:19,71.97,102.5,100,90,-5.746000000000002,7.83
127,sirnak,TR,2020-11-14 10:51:19,37.52,42.46,100,65,47.67799999999996,0.43
128,torbay,CA,2020-11-14 10:51:19,47.67,-52.73,90,99,35.27599999999999,10.8
129,gemlik,TR,2020-11-14 10:51:19,40.43,29.16,75,93,55.66999999999996,0.5
130,bathsheba,BB,2020-11-14 10:51:19,13.22,-59.52,75,74,86.26999999999995,3.6
131,namibe,AO,2020-11-14 10:51:19,-15.2,12.15,35,74,73.50800000000001,5.26
132,calamar,CO,2020-11-14 10:51:19,10.25,-74.91,75,100,77.26999999999995,7.7
133,puerto escondido,MX,2020-11-14 10:51:20,15.85,-97.07,5,74,80.86999999999996,3.6
134,severo-kurilsk,RU,2020-11-14 10:51:20,50.68,156.12,86,91,42.8,6.21
135,itoman,JP,2020-11-14 10:51:20,26.12,127.67,40,78,75.46999999999997,4.1
136,carutapera,BR,2020-11-14 10:51:20,-1.2,-46.02,41,57,88.826,4.81
137,lata,PT,2020-11-14 10:51:20,40.16,-8.33,86,90,67.26199999999996,0.45
138,hasaki,JP,2020-11-14 10:51:20,35.73,140.83,0,93,43.06999999999996,0.5
139,beringovskiy,RU,2020-11-14 10:51:20,63.05,179.32,95,89,15.188000000000045,3.87
140,general roca,AR,2020-11-14 10:51:20,-39.03,-67.58,0,34,64.66999999999996,6.2
141,port alfred,ZA,2020-11-14 10:51:20,-33.59,26.89,75,77,67.81999999999996,7.67
142,tuktoyaktuk,CA,2020-11-14 10:51:21,69.45,-133.04,90,85,12.46999999999996,11.8
143,sola,VU,2020-11-14 10:51:21,-13.88,167.55,40,94,79.06999999999996,2.1
144,jawhar,SO,2020-11-14 10:51:21,2.78,45.5,51,78,78.35,4.55
145,palm bay,US,2020-11-14 10:51:21,28.03,-80.59,90,94,80.27599999999998,7.2
146,choctaw,US,2020-11-14 10:45:06,35.5,-97.27,90,93,64.27400000000002,6.7
147,norman wells,CA,2020-11-14 10:51:21,65.28,-126.83,75,74,-25.32999999999999,0.33
148,tumannyy,,,,,,,,
149,hofn,IS,2020-11-14 10:51:21,64.25,-15.21,0,72,39.038000000000046,6.82
150,montbrison,FR,2020-11-14 10:51:21,45.67,4.08,20,59,61.26799999999999,6.7
151,dzhusaly,,,,,,,,
152,mehamn,NO,2020-11-14 10:51:22,71.04,27.85,21,77,40.44199999999999,10.3
153,praia da vitoria,PT,2020-11-14 10:51:22,38.73,-27.07,40,78,71.86999999999996,4.59
154,sistranda,NO,2020-11-14 10:51:22,63.73,8.83,0,70,44.86999999999996,7.2
155,port blair,IN,2020-11-14 10:51:22,11.67,92.75,52,82,81.62599999999999,5.91
156,georgetown,MY,2020-11-14 10:51:22,5.41,100.34,40,94,82.66999999999996,5.1
157,sabha,LY,2020-11-14 10:51:22,27.04,14.43,0,37,69.16999999999996,3.8
158,grand river south east,,,,,,,,
159,provideniya,RU,2020-11-14 10:51:22,64.38,-173.3,0,89,17.798000000000023,3.18
160,lavrentiya,RU,2020-11-14 10:51:23,65.58,-171,94,91,22.49600000000005,6
161,longyearbyen,SJ,2020-11-14 10:51:23,78.22,15.64,75,75,43.06999999999996,8.7
162,berlevag,NO,2020-11-14 10:51:23,70.86,29.09,48,78,40.53200000000002,11.92
163,ishigaki,JP,2020-11-14 10:51:23,24.34,124.16,58,77,76.35199999999998,7.91
164,nancha,CN,2020-11-14 10:51:23,47.13,129.27,0,86,30.632000000000016,0.92
165,buariki,,,,,,,,
166,tupik,RU,2020-11-14 10:51:24,54.43,119.93,64,90,11.89399999999997,0.91
167,suez,EG,2020-11-14 10:51:24,29.97,32.53,17,63,72.31999999999996,7.48
168,ketchikan,US,2020-11-14 10:51:24,55.34,-131.65,75,93,39.469999999999956,2.6
169,geraldton,AU,2020-11-14 10:51:24,-28.77,114.6,40,72,64.66999999999996,4.6
170,saleaula,,,,,,,,
171,rantepao,ID,2020-11-14 10:51:24,-2.97,119.9,98,88,69.566,0.66
172,komsomolskiy,UZ,2020-11-14 10:51:24,40.43,71.72,90,80,41.26999999999996,1
173,barentsburg,,,,,,,,
174,strezhevoy,RU,2020-11-14 10:51:24,60.73,77.59,90,84,8.869999999999958,3
175,biloela,AU,2020-11-14 10:51:25,-24.42,150.5,1,92,70.19600000000005,0.79
176,talnakh,RU,2020-11-14 10:51:25,69.49,88.4,0,75,-18.12999999999999,3
177,ahipara,NZ,2020-11-14 10:51:25,-35.17,173.17,0,82,53.690000000000026,0.72
178,ngukurr,,,,,,,,
179,kununurra,AU,2020-11-14 10:51:25,-15.77,128.73,0,74,86.26999999999995,6.7
180,new norfolk,AU,2020-11-14 10:51:25,-42.78,147.06,90,58,55.66999999999996,4.6
181,saskylakh,RU,2020-11-14 10:51:26,71.92,114.08,0,87,-12.945999999999998,3.12
182,honiara,SB,2020-11-14 10:51:26,-9.43,159.95,40,100,75.46999999999997,2.14
183,aklavik,CA,2020-11-14 10:51:26,68.22,-135.01,75,77,-0.12999999999998835,1
184,barra do garcas,BR,2020-11-14 10:51:26,-15.89,-52.26,100,69,81.46400000000003,1.53
185,esperance,AU,2020-11-14 10:51:26,-33.87,121.9,90,100,57.469999999999956,6.2
186,havelock,US,2020-11-14 10:47:41,34.88,-76.9,40,72,67.26199999999996,3.6
187,qaanaaq,GL,2020-11-14 10:51:27,77.48,-69.36,94,83,0.5,4.38
188,kanigiri,IN,2020-11-14 10:51:27,15.4,79.52,0,83,75.34399999999997,1.83
189,asau,RO,2020-11-14 10:51:27,46.43,26.4,71,93,38.26400000000003,1.28
190,kamaishi,JP,2020-11-14 10:51:27,39.27,141.88,0,68,44.708000000000006,2.85
191,tekkali,IN,2020-11-14 10:51:28,18.62,84.23,0,68,75.63200000000002,3.42
192,ituporanga,BR,2020-11-14 10:51:28,-27.41,-49.6,34,79,88.26799999999999,4.02
193,attawapiskat,,,,,,,,
194,pauini,BR,2020-11-14 10:51:28,-7.71,-66.98,43,39,97.50199999999998,1.58
195,meulaboh,ID,2020-11-14 10:51:28,4.14,96.13,96,88,79.26799999999999,1.55
196,aranos,NA,2020-11-14 10:51:28,-24.13,19.12,80,22,88.41199999999995,8
197,zhezkazgan,KZ,2020-11-14 10:51:29,47.8,67.71,94,95,23.917999999999985,3.57
198,tefe,BR,2020-11-14 10:51:29,-3.35,-64.71,40,83,84.46999999999997,3.1
199,henties bay,NA,2020-11-14 10:51:29,-22.12,14.28,3,75,66.27200000000005,6.82
200,wattegama,LK,2020-11-14 10:51:29,6.8,81.48,0,100,79.06999999999996,2.1
201,cabo san lucas,MX,2020-11-14 10:48:37,22.89,-109.91,20,60,76.26199999999996,4.1
202,manokwari,ID,2020-11-14 10:49:50,-0.87,134.08,97,73,81.71600000000001,0.55
203,hamilton,US,2020-11-14 10:47:38,39.18,-84.53,97,72,46.274000000000015,0.45
204,fayaoue,NC,2020-11-14 10:51:29,-20.65,166.53,5,80,76.892,2.55
205,guerrero negro,MX,2020-11-14 10:51:29,27.98,-114.06,0,63,67.49600000000005,7.18
206,olafsvik,IS,2020-11-14 10:51:30,64.89,-23.71,43,90,33.04399999999997,6.87
207,high level,CA,2020-11-14 10:51:30,58.52,-117.14,90,84,8.869999999999958,3.1
208,escondido,US,2020-11-14 10:47:17,33.12,-117.09,20,71,58.26199999999996,2.6
209,verkhovazhye,RU,2020-11-14 10:51:30,60.75,42.05,100,97,32.035999999999966,0.69
210,huntington,US,2020-11-14 10:51:30,38.42,-82.45,1,75,48.272000000000034,1.01
211,kjollefjord,NO,2020-11-14 10:51:30,70.95,27.35,22,76,41.66600000000001,11.42
212,sedelnikovo,,,,,,,,
213,thompson,CA,2020-11-14 10:51:31,55.74,-97.86,90,92,17.86999999999996,3.1
214,kapaa,US,2020-11-14 10:51:31,22.08,-159.32,40,83,77.26999999999995,5.1
215,primorsk,UA,2020-11-14 10:51:31,46.73,36.34,100,65,42.8,4.05
216,saint anthony,US,2020-11-14 10:51:31,45.02,-93.22,20,64,35.86999999999996,5.7
217,baruun-urt,MN,2020-11-14 10:51:31,46.68,113.28,60,96,28.651999999999976,3.99
218,pasighat,IN,2020-11-14 10:51:31,28.07,95.33,0,55,66.81199999999995,1.72
219,totma,RU,2020-11-14 10:51:31,59.97,42.76,100,97,32.9,0.77
220,hoquiam,US,2020-11-14 10:51:32,46.98,-123.89,1,93,44.27599999999999,1.5
221,kodoli,IN,2020-11-14 10:51:32,16.88,74.2,0,60,73.94000000000003,2.29
222,faanui,PF,2020-11-14 10:51:32,-16.48,-151.75,86,76,79.62799999999996,3.39
223,salamiyah,SY,2020-11-14 10:51:32,35.01,37.05,98,50,66.21799999999999,0.31
224,walvis bay,NA,2020-11-14 10:51:32,-22.96,14.51,0,49,71.86999999999996,8.7
225,thurles,IE,2020-11-14 10:51:32,52.68,-7.8,56,87,53.27599999999999,5.81
226,kavaratti,IN,2020-11-14 10:51:33,10.57,72.64,86,73,83.46199999999996,2.05
227,isiro,CD,2020-11-14 10:51:33,2.77,27.62,99,95,70.89800000000002,1.56
228,nata,PA,2020-11-14 10:51:33,8.33,-80.52,40,83,80.86999999999996,2.1
229,vung tau,VN,2020-11-14 10:51:33,10.35,107.08,100,79,79.55600000000004,3.1
230,palora,EC,2020-11-14 10:51:33,-1.7,-77.93,75,83,73.66999999999996,2.6
231,tamandare,BR,2020-11-14 10:47:32,-8.76,-35.1,25,67,84.10999999999999,4.99
232,birao,CF,2020-11-14 10:51:33,10.28,22.79,1,19,83.78599999999997,1.76
233,laiagam,,,,,,,,
234,isangel,VU,2020-11-14 10:51:34,-19.55,169.27,26,84,75.12799999999996,2.28
235,saint george,US,2020-11-14 10:47:36,37.1,-113.58,1,51,37.66999999999996,3.29
236,carroll,US,2020-11-14 10:51:34,39.55,-77.02,1,57,50.26999999999996,3.6
237,chulman,RU,2020-11-14 10:51:34,56.85,124.91,98,93,9.356000000000027,3.65
238,east london,ZA,2020-11-14 10:51:34,-33.02,27.91,20,64,70.06999999999996,8.2
239,rosario,AR,2020-11-14 10:51:34,-32.95,-60.64,90,88,70.26799999999999,4.6
240,turtas,RU,2020-11-14 10:51:35,58.94,69.13,100,94,10.580000000000041,3.55
241,rustenburg,ZA,2020-11-14 10:51:35,-25.67,27.24,31,19,84.07400000000001,2.88
242,biak,ID,2020-11-14 10:51:35,-0.91,122.88,19,80,78.27799999999996,0.31
243,hargeysa,SO,2020-11-14 10:48:26,9.56,44.06,0,62,66.18200000000002,5.85
244,cockburn town,TC,2020-11-14 10:51:24,21.46,-71.14,76,72,81.26600000000002,6.66
245,raga,SS,2020-11-14 10:51:35,8.46,25.68,0,26,85.19000000000003,2.14
246,shingu,JP,2020-11-14 10:51:35,33.73,135.98,0,62,52.84399999999997,2.85
247,salinas,US,2020-11-14 10:51:36,36.68,-121.66,90,93,52.069999999999965,0.92
248,kpalime,TG,2020-11-14 10:51:36,6.9,0.63,0,41,89.99600000000005,0.74
249,lulea,SE,2020-11-14 10:51:36,65.58,22.15,90,93,41.26999999999996,7.2
250,kushima,JP,2020-11-14 10:51:36,31.46,131.23,1,73,60.20600000000003,3.25
251,quatre cocos,MU,2020-11-14 10:51:36,-20.21,57.76,75,94,76.26199999999996,3.6
252,winnemucca,US,2020-11-14 10:51:36,40.97,-117.74,1,87,32.26999999999996,3.6
253,samusu,,,,,,,,
254,tigil,RU,2020-11-14 10:51:37,57.8,158.67,100,93,32.32400000000001,8.61
255,clyde river,CA,2020-11-14 10:51:37,70.47,-68.59,90,67,21.469999999999956,9.3
256,gweta,BW,2020-11-14 10:51:37,-20.18,25.23,93,27,89.05999999999997,1.3
257,dwarka,IN,2020-11-14 10:51:37,22.24,68.97,0,60,80.49199999999999,3.9
258,nadvoitsy,RU,2020-11-14 10:51:37,63.87,34.32,93,93,36.23000000000004,3.56
259,montpelier,US,2020-11-14 10:50:46,44.26,-72.58,90,59,40.26199999999996,4.1
260,lakefield,US,2020-11-14 10:51:38,43.68,-95.17,1,80,35.27599999999999,7.2
261,san cristobal,VE,2020-11-14 10:51:38,7.77,-72.22,40,58,84.46999999999997,2.1
262,ayaviri,PE,2020-11-14 10:51:38,-14.89,-70.59,3,24,61.79000000000002,1.88
263,ancud,CL,2020-11-14 10:49:12,-41.87,-73.82,75,76,60.27799999999996,3.6
264,bhatkal,IN,2020-11-14 10:51:38,13.97,74.57,41,66,82.56199999999995,4.01
265,quelimane,MZ,2020-11-14 10:51:38,-17.88,36.89,20,57,80.86999999999996,3.6
266,sudbury,CA,2020-11-14 10:51:38,46.49,-80.99,75,79,38.26400000000003,4.1
267,nanortalik,GL,2020-11-14 10:51:38,60.14,-45.24,0,87,26.95999999999998,6.11
268,caronport,CA,2020-11-14 10:51:39,50.45,-105.82,69,85,25.069999999999958,10.3
269,bandarbeyla,SO,2020-11-14 10:51:39,9.49,50.81,11,76,77.97200000000004,7.78
270,henderson,US,2020-11-14 10:49:54,36.04,-114.98,1,28,56.26400000000004,1.5
271,rawlins,US,2020-11-14 10:51:39,41.79,-107.24,1,68,26.27599999999999,14.9
272,trairi,BR,2020-11-14 10:51:39,-3.28,-39.27,97,52,90.10399999999996,7.98
273,moron,AR,2020-11-14 10:47:43,-34.65,-58.62,100,70,79.26799999999999,2.84
274,smirnykh,RU,2020-11-14 10:51:39,49.75,142.83,15,94,28.66999999999996,0.79
275,atambua,ID,2020-11-14 10:51:40,-9.11,124.89,0,74,77.28800000000004,0.48
276,faya,SA,2020-11-14 10:51:40,18.39,42.45,40,82,70.06999999999996,4.1
277,elk plain,US,2020-11-14 10:51:40,47.05,-122.4,1,86,43.26799999999999,2.1
278,yanan,,,,,,,,
279,salalah,OM,2020-11-14 10:48:35,17.02,54.09,0,57,80.86999999999996,1
280,angoche,MZ,2020-11-14 10:51:40,-16.23,39.91,0,66,77.07200000000003,5.28
281,touros,BR,2020-11-14 10:51:40,-5.2,-35.46,75,66,86.26999999999995,6.7
282,margate,GB,2020-11-14 10:51:41,51.38,1.39,100,75,58.26199999999996,3.13
283,merauke,ID,2020-11-14 10:51:41,-8.47,140.33,60,80,77.09000000000003,4.92
284,myitkyina,MM,2020-11-14 10:51:41,25.38,97.4,0,73,68.52200000000005,1.03
285,jodhpur,IN,2020-11-14 10:51:41,26.29,73.03,1,32,75.29000000000002,1.64
286,aasiaat,GL,2020-11-14 10:51:41,68.71,-52.87,87,94,8.672000000000036,4.1
287,ponta do sol,PT,2020-11-14 10:51:41,32.67,-17.1,75,88,71.86999999999996,5.7
288,barao de melgaco,BR,2020-11-14 10:51:41,-16.19,-55.97,0,52,89.86999999999996,4.1
289,kasulu,TZ,2020-11-14 10:51:42,-4.58,30.1,75,94,71.86999999999996,1.96
290,salta,AR,2020-11-14 10:51:42,-24.79,-65.41,20,31,89.86999999999996,2.1
291,souillac,MU,2020-11-14 10:51:42,-20.52,57.52,75,94,73.66999999999996,3.6
292,bocas del toro,PA,2020-11-14 10:51:10,9.33,-82.25,10,77,70.26799999999999,0.89
293,fredericton,CA,2020-11-14 10:51:02,45.95,-66.67,90,93,39.469999999999956,4.1
294,uvira,CD,2020-11-14 10:51:42,-3.41,29.15,96,64,76.98200000000003,3.15
295,bambanglipuro,ID,2020-11-14 10:51:42,-7.95,110.28,100,86,80.05999999999997,2.72
296,auki,SB,2020-11-14 10:51:43,-8.77,160.7,0,83,78.33200000000002,1.54
297,port moresby,PG,2020-11-14 10:51:43,-9.44,147.18,75,88,79.06999999999996,5.1
298,nevsehir,TR,2020-11-14 10:51:43,38.92,34.67,40,53,50.26999999999996,3.1
299,amga,RU,2020-11-14 10:51:43,60.9,131.96,100,95,11.948000000000025,1.5
300,carauari,BR,2020-11-14 10:47:30,-4.88,-66.9,88,47,93.74000000000002,2.01
301,krasnoselkup,RU,2020-11-14 10:51:44,65.7,82.47,87,90,-8.517999999999986,2.83
302,bermeo,ES,2020-11-14 10:51:44,43.42,-2.72,20,52,70.26799999999999,3.6
303,yurginskoye,RU,2020-11-14 10:51:44,56.82,67.39,100,96,15.583999999999993,6
304,cheyenne,US,2020-11-14 10:49:54,41.14,-104.82,20,51,37.66999999999996,12.3
305,kon tum,VN,2020-11-14 10:51:45,14.35,108,100,92,68.75600000000003,0.4
306,gat,IL,2020-11-14 10:48:03,31.61,34.76,0,41,75.27200000000005,3.06
307,launceston,AU,2020-11-14 10:51:45,-41.45,147.17,90,76,50.26999999999996,4.1
308,khash,IR,2020-11-14 10:51:45,28.22,61.22,25,76,47.67799999999996,2.17
309,mozarlandia,BR,2020-11-14 10:51:45,-14.74,-50.57,44,46,91.13000000000005,2.83
310,caravelas,BR,2020-11-14 10:51:45,-17.71,-39.25,84,66,83.642,5.38
311,port elizabeth,ZA,2020-11-14 10:49:08,-33.92,25.57,20,72,68.26999999999995,9.3
312,nanakuli,US,2020-11-14 10:51:45,21.39,-158.15,1,83,75.46999999999997,2.1
313,micheweni,TZ,2020-11-14 10:51:45,-4.97,39.83,76,75,80.13200000000002,3.07
314,la ronge,CA,2020-11-14 10:51:46,55.1,-105.28,100,85,10.669999999999959,5.7
315,mogadishu,SO,2020-11-14 10:51:46,2.04,45.34,17,77,80.56400000000004,4.51
316,bambous virieux,MU,2020-11-14 10:51:46,-20.34,57.76,75,94,76.26199999999996,3.6
317,tsihombe,,,,,,,,
318,sentyabrskiy,,,,,,,,
319,aravankadu,IN,2020-11-14 10:51:46,11.37,76.77,20,69,80.86999999999996,1.5
320,requena,ES,2020-11-14 10:51:46,39.49,-1.1,98,80,60.27799999999996,2.36
321,te anau,NZ,2020-11-14 10:51:46,-45.42,167.72,100,79,55.11199999999995,2.41
322,tsaratanana,MG,2020-11-14 10:51:46,-16.78,47.65,58,60,80.02400000000002,3.65
323,linjiang,CN,2020-11-14 10:51:47,41.81,126.91,99,77,36.57200000000004,0.92
324,palana,RU,2020-11-14 10:51:47,59.12,159.97,100,91,25.88000000000004,5.47
325,yulara,AU,2020-11-14 10:51:47,-25.24,130.99,1,21,80.86999999999996,1.5
326,longlac,,,,,,,,
327,hay river,CA,2020-11-14 10:50:32,60.82,-115.8,98,77,7.069999999999958,2.1
328,gombong,ID,2020-11-14 10:51:47,-7.61,109.51,100,84,51.27799999999996,1.62
329,ribas do rio pardo,BR,2020-11-14 10:51:47,-20.44,-53.76,30,33,94.96400000000003,3.95
330,villarrubia de los ojos,ES,2020-11-14 10:51:47,39.22,-3.61,100,87,60.27799999999996,1.79
331,bur gabo,,,,,,,,
332,tazovskiy,RU,2020-11-14 10:51:48,67.47,78.7,100,92,-0.9219999999999899,5.03
333,amontada,BR,2020-11-14 10:51:48,-3.36,-39.83,90,30,99.82400000000001,5.23
334,aitape,PG,2020-11-14 10:51:48,-3.14,142.35,100,84,78.90800000000002,1.85
335,labutta,,,,,,,,
336,kahului,US,2020-11-14 10:51:48,20.89,-156.47,1,73,72.26600000000002,3.6
337,alice springs,AU,2020-11-14 10:48:40,-23.7,133.88,64,27,89.86999999999996,8.7
338,mahanoro,MG,2020-11-14 10:51:48,-19.9,48.8,85,82,72.17599999999999,3.3
339,ostrovnoy,RU,2020-11-14 10:51:48,68.05,39.51,96,87,36.248000000000026,7.43
340,kargasok,RU,2020-11-14 10:51:49,59.06,80.86,93,97,18.35600000000003,2.09
341,conceicao da barra,BR,2020-11-14 10:50:39,-18.59,-39.73,70,65,84.74000000000002,4.97
342,iraray,PH,2020-11-14 10:51:49,8.99,118.05,0,84,79.73599999999996,1.81
343,nizhneyansk,,,,,,,,
344,okato,NZ,2020-11-14 10:51:49,-39.2,173.88,2,93,54.266000000000005,3.13
345,ilulissat,GL,2020-11-14 10:51:49,69.22,-51.1,75,66,10.669999999999959,12.9
346,san carlos,VE,2020-11-14 10:51:49,9.66,-68.58,56,68,86.32400000000001,1.57
347,castro,BR,2020-11-14 10:51:49,-24.79,-50.01,40,44,82.04000000000002,2.13
348,airai,TL,2020-11-14 10:51:49,-8.93,125.41,0,86,63.64399999999998,0.48
349,vanimo,PG,2020-11-14 10:51:50,-2.67,141.3,86,83,79.26799999999999,1.67
350,zhigansk,RU,2020-11-14 10:51:50,66.77,123.37,95,93,0.6080000000000041,3.64
351,porto novo,BJ,2020-11-14 10:51:06,6.5,2.6,20,74,86.26999999999995,5.1
352,bhadasar,IN,2020-11-14 10:51:50,28.28,74.32,25,22,72.59000000000003,3.09
353,sao joao da barra,BR,2020-11-14 10:51:50,-21.64,-41.05,75,66,86.26999999999995,1
354,invermere,CA,2020-11-14 10:51:50,50.52,-116.04,92,93,27.26600000000001,0.96
355,taybad,IR,2020-11-14 10:51:50,34.74,60.78,0,57,42.98000000000004,4.05
356,rundu,NA,2020-11-14 10:51:51,-17.93,19.77,99,40,83.31799999999998,2.19
357,san juan,AR,2020-11-14 10:51:51,-31.54,-68.54,2,33,76.19000000000003,9.95
358,santa lucia,ES,2020-11-14 10:51:51,27.91,-15.54,0,51,80.86999999999996,4.6
359,ust-ilimsk,RU,2020-11-14 10:49:54,58,102.66,87,96,16.069999999999958,1.76
360,maceio,BR,2020-11-14 10:51:51,-9.67,-35.74,75,66,86.26999999999995,6.7
361,ubinskoye,RU,2020-11-14 10:51:51,55.31,79.68,100,95,24.691999999999997,2.77
362,glogow,PL,2020-11-14 10:51:51,51.66,16.08,84,88,53.27599999999999,2.42
363,tigri,,,,,,,,
364,port hardy,CA,2020-11-14 10:51:52,50.7,-127.42,40,86,43.06999999999996,3.6
365,tynda,RU,2020-11-14 10:51:52,55.17,124.72,16,90,7.96999999999996,1.97
366,yenagoa,NG,2020-11-14 10:51:52,4.92,6.26,70,79,82.88599999999997,2.41
367,mega,ET,2020-11-14 10:51:52,4.05,38.3,64,76,65.24600000000005,3.8
368,yarada,IN,2020-11-14 10:51:52,17.65,83.27,0,69,80.86999999999996,3.1
369,oussouye,SN,2020-11-14 10:51:52,12.48,-16.55,0,30,95.26999999999995,4.1
370,koslan,RU,2020-11-14 10:51:52,63.46,48.9,96,96,19.72400000000001,2.54
371,bethel,US,2020-11-14 10:51:52,41.37,-73.41,1,52,47.26400000000003,4.1
372,veshenskaya,RU,2020-11-14 10:51:53,49.63,41.73,35,96,31.946000000000048,3.09
373,christchurch,NZ,2020-11-14 10:50:58,-43.53,172.63,97,76,55.274000000000015,2.1
374,acapulco,MX,2020-11-14 10:51:53,16.86,-99.89,5,78,80.86999999999996,2.1
375,laguna,US,2020-11-14 10:51:53,38.42,-121.42,90,93,49.26199999999996,4.1
376,agadir,MA,2020-11-14 10:49:22,30.42,-9.6,40,22,91.66999999999996,1.64
377,port lincoln,AU,2020-11-14 10:51:53,-34.73,135.87,83,67,64.79600000000005,0.73
378,vieux-habitants,GP,2020-11-14 10:51:53,16.06,-61.77,40,70,84.46999999999997,3.1
379,coralville,US,2020-11-14 10:50:10,41.68,-91.58,90,80,36.266000000000005,5.7
380,half moon bay,US,2020-11-14 10:51:53,37.46,-122.43,40,100,51.27799999999996,1.18
381,carahue,CL,2020-11-14 10:51:54,-38.7,-73.17,75,71,55.66999999999996,3.6
382,alghero,IT,2020-11-14 10:51:54,40.56,8.32,0,60,70.06999999999996,0.5
383,vestmanna,FO,2020-11-14 10:51:54,62.16,-7.17,0,81,44.86999999999996,3.6
384,povenets,RU,2020-11-14 10:51:54,62.85,34.83,98,91,36.932000000000016,4.4
385,grand gaube,MU,2020-11-14 10:51:54,-20.01,57.66,7,77,76.26199999999996,1.23
386,krasnoarmeysk,RU,2020-11-14 10:51:54,51.02,45.7,94,100,33.78200000000002,3.28
387,glen avon,US,2020-11-14 10:47:50,34.01,-117.48,1,81,52.26799999999999,1.5
388,yar-sale,RU,2020-11-14 10:51:54,66.83,70.83,99,91,0.6980000000000253,4.98
389,calbuco,CL,2020-11-14 10:51:55,-41.77,-73.13,75,76,53.86999999999996,3.1
390,batagay-alyta,RU,2020-11-14 10:51:55,67.8,130.41,84,88,-3.640000000000022,0.45
391,wagar,SD,2020-11-14 10:51:55,16.15,36.2,0,25,86.54000000000002,4.17
392,avera,US,2020-11-14 10:51:55,33.19,-82.53,90,68,62.86999999999996,2.6
393,gladstone,AU,2020-11-14 10:51:25,-23.85,151.25,75,83,75.46999999999997,2.1
394,labuan,MY,2020-11-14 10:51:55,5.28,115.24,40,88,79.06999999999996,1.5
395,dobryatino,RU,2020-11-14 10:51:55,55.51,41.32,37,98,29.408000000000005,1.4
396,grande-riviere,,,,,,,,
397,pital,CO,2020-11-14 10:51:55,2.27,-75.8,100,81,70.89800000000002,2.04
398,bereda,ES,2020-11-14 10:51:56,43.27,-7.54,92,77,63.266000000000005,5.36
399,ulagan,RU,2020-11-14 10:51:56,50.63,87.96,97,83,20.317999999999984,1.12
400,chicaman,GT,2020-11-14 10:51:56,15.4,-90.77,40,88,66.46999999999997,1.39
401,la rioja,ES,2020-11-14 10:51:56,42.25,-2.5,90,93,52.069999999999965,2.1
402,vikhorevka,RU,2020-11-14 10:51:56,56.12,101.16,80,78,16.069999999999958,1.22
403,eravur,LK,2020-11-14 10:51:56,7.77,81.61,98,82,80.38399999999999,1.54
404,bodden town,KY,2020-11-14 10:51:57,19.28,-81.25,40,70,88.06999999999996,4.1
405,villamontes,BO,2020-11-14 10:51:57,-21.25,-63.5,0,29,101.24600000000005,4.22
406,yining,CN,2020-11-14 10:51:57,29.04,114.56,0,78,53.6,0.46
407,ottawa,CA,2020-11-14 10:48:02,45.41,-75.7,75,51,39.469999999999956,7.2
408,grindavik,IS,2020-11-14 10:51:57,63.84,-22.43,20,74,35.86999999999996,7.2
409,linxia,CN,2020-11-14 10:51:57,35.6,103.21,69,67,47.19199999999999,0.58
410,axim,GH,2020-11-14 10:51:57,4.87,-2.24,21,73,83.066,3.86
411,lahat,ID,2020-11-14 10:51:57,-3.8,103.53,100,90,75.79399999999998,0.97
412,araouane,ML,2020-11-14 10:51:57,18.9,-3.53,0,12,89.16799999999998,4.54
413,shemonaikha,KZ,2020-11-14 10:50:24,50.63,81.91,17,86,27.283999999999992,2.07
414,mahaicony,,,,,,,,
415,polunochnoye,RU,2020-11-14 10:51:58,60.87,60.42,0,92,10.543999999999972,0.87
416,chicama,PE,2020-11-14 10:51:58,-7.84,-79.15,75,77,66.46999999999997,3.1
417,santa maria,BR,2020-11-14 10:51:58,-29.68,-53.81,0,49,89.86999999999996,3.6
418,amderma,,,,,,,,
419,olongapo,PH,2020-11-14 10:51:58,14.83,120.28,75,88,79.06999999999996,4.6
420,pecos,US,2020-11-14 10:51:58,31.42,-103.49,1,38,61.069999999999965,4.6
421,laukaa,RU,2020-11-14 10:51:58,58.74,29.85,15,95,29.948000000000025,2.08
422,dashitou,CN,2020-11-14 10:51:59,43.31,128.51,100,81,32.846000000000046,1.75
423,sao domingos,BR,2020-11-14 10:51:59,-13.4,-46.32,51,41,87.85399999999996,2.18
424,opuwo,NA,2020-11-14 10:51:59,-18.06,13.84,96,62,73.4,4.39
425,puerto colombia,CO,2020-11-14 10:51:59,10.99,-74.95,90,100,73.66999999999996,5.7
426,duluth,US,2020-11-14 10:47:47,46.78,-92.11,1,55,34.26799999999999,2.1
427,nishihara,JP,2020-11-14 10:51:59,26.18,127.76,40,88,75.46999999999997,5.1
428,jasper,US,2020-11-14 10:51:59,37.2,-94.35,75,82,59.26999999999996,7.7
429,tomari,RU,2020-11-14 10:51:59,47.77,142.07,28,68,43.03399999999999,8.01
430,vila velha,BR,2020-11-14 10:48:27,-20.33,-40.29,75,66,86.26999999999995,4.1
431,shivrajpur,IN,2020-11-14 10:52:00,22.42,73.65,7,54,80.86999999999996,2.1
432,cazaje,,,,,,,,
433,shinjo,JP,2020-11-14 10:52:00,38.76,140.3,0,83,40.38800000000005,0.43
434,igrim,RU,2020-11-14 10:52:00,63.19,64.42,0,92,7.411999999999953,1.01
435,jiangyou,CN,2020-11-14 10:52:00,31.77,104.72,27,60,62.11400000000003,1.03
436,whitecourt,CA,2020-11-14 10:48:29,54.15,-115.69,75,85,21.469999999999956,6.2
437,baie-saint-paul,CA,2020-11-14 10:52:00,47.44,-70.5,2,59,43.26799999999999,3.1
438,stephenville,US,2020-11-14 10:52:00,32.22,-98.2,90,78,73.27400000000002,6.2
439,soanierana ivongo,MG,2020-11-14 10:52:01,-16.92,49.58,90,88,75.46999999999997,8.2
440,beruwala,LK,2020-11-14 10:52:01,6.48,79.98,99,84,80.15,2.7
441,monroe,US,2020-11-14 10:47:10,43.15,-77.68,90,60,43.26799999999999,5.7
442,onda,ES,2020-11-14 10:52:01,39.97,-0.25,100,88,61.26799999999999,1.57
443,lolua,,,,,,,,
444,shimoda,JP,2020-11-14 10:52:01,34.67,138.95,0,85,50.26999999999996,2.1
445,jiangkou,CN,2020-11-14 10:52:01,25.49,119.2,0,63,66.46999999999997,3
446,mareeba,AU,2020-11-14 10:52:01,-17,145.43,90,88,75.46999999999997,0.5
447,malwan,,,,,,,,
448,vaitape,PF,2020-11-14 10:52:01,-16.52,-151.75,87,75,80.49199999999999,3.39
449,maarianhamina,AX,2020-11-14 10:49:48,60.1,19.93,90,93,48.469999999999956,7.2
450,mezhdurechensk,RU,2020-11-14 10:52:02,53.69,88.06,24,87,23.95399999999995,0.95
451,banda aceh,ID,2020-11-14 10:47:21,5.56,95.32,90,81,80.618,2.28
452,ludvika,SE,2020-11-14 10:52:02,60.15,15.19,99,81,44.86999999999996,4.6
453,chardara,KZ,2020-11-14 10:52:02,41.25,67.97,0,57,42.04399999999997,3.23
454,bonavista,CA,2020-11-14 10:52:02,48.65,-53.11,100,86,34.26799999999999,2.6
455,selma,US,2020-11-14 10:52:02,36.57,-119.61,1,100,50.26999999999996,3.29
456,sarangani,PH,2020-11-14 10:52:02,5.4,125.46,33,76,84.308,8.25
457,cabedelo,BR,2020-11-14 10:52:03,-6.98,-34.83,40,62,88.06999999999996,6.7
458,leningradskiy,RU,2020-11-14 10:52:03,69.38,178.42,36,86,5.108000000000004,2.53
459,zyryanka,RU,2020-11-14 10:52:03,65.75,150.85,78,87,-17.248000000000026,1.08
460,abrau-dyurso,RU,2020-11-14 10:52:03,44.69,37.59,0,81,43.06999999999996,1
461,kincardine,GB,2020-11-14 10:52:03,56.07,-3.72,40,93,50.26999999999996,3.1
462,bargal,,,,,,,,
463,otane,NZ,2020-11-14 10:52:03,-39.88,176.63,0,75,54.266000000000005,2.68
464,egvekinot,RU,2020-11-14 10:52:03,66.32,-179.17,76,89,5.630000000000042,1.14
465,narsaq,GL,2020-11-14 10:52:03,60.92,-46.05,75,66,16.069999999999958,2.1
466,kaseda,JP,2020-11-14 10:52:03,31.42,130.32,0,71,64.54399999999998,5.24
467,huilong,CN,2020-11-14 10:52:04,31.81,121.66,0,97,61.26799999999999,3.1
468,evensk,RU,2020-11-14 10:52:04,61.95,159.23,100,91,12.091999999999995,7.75
469,jinotega,NI,2020-11-14 10:52:04,13.09,-86,20,78,71.86999999999996,5.1
470,orlik,RU,2020-11-14 10:52:04,52.52,99.83,48,85,9.032000000000014,1.12
471,namatanai,PG,2020-11-14 10:52:04,-3.67,152.43,2,77,80.97799999999997,4.83
472,dauriya,RU,2020-11-14 10:52:04,49.93,116.87,9,94,21.182000000000016,2.77
473,constitucion,CL,2020-11-14 10:52:04,-35.33,-72.42,0,53,61.51999999999996,6.8
474,libreville,GA,2020-11-14 10:51:57,0.39,9.45,20,78,82.66999999999996,3.6
475,vredendal,ZA,2020-11-14 10:52:05,-31.67,18.5,53,64,66.05600000000004,8.09
476,outram,MY,2020-11-14 10:52:05,1.28,103.84,75,79,84.46999999999997,1.5
477,umzimvubu,,,,,,,,
478,sobolevo,RU,2020-11-14 10:52:05,54.43,31.9,100,99,31.22599999999999,3.79
479,kinablangan,PH,2020-11-14 10:52:05,7.69,126.55,30,81,79.64600000000004,1.53
480,sri aman,MY,2020-11-14 10:52:05,1.24,111.46,100,100,75.46999999999997,0.34
481,makakilo city,US,2020-11-14 10:52:05,21.35,-158.09,1,83,75.46999999999997,2.1
482,newport,GB,2020-11-14 10:48:48,51.59,-3,100,97,58.26199999999996,3.13
483,kupang,ID,2020-11-14 10:52:05,-10.17,123.58,50,72,81.44600000000005,1.8
484,tucuma,BR,2020-11-14 10:49:03,-0.18,-50.05,52,63,88.68200000000002,3.84
485,bud,US,2020-11-14 10:52:06,39.45,-86.18,1,59,41.26999999999996,4.1
486,ixtapa,MX,2020-11-14 10:52:06,20.7,-105.2,75,83,77.26999999999995,2.1
487,humaita,BR,2020-11-14 10:52:06,-7.51,-63.02,89,36,99.98599999999998,1.2
488,dingle,PH,2020-11-14 10:52:06,11,122.67,10,90,77.73800000000006,3.23
489,bani,DO,2020-11-14 10:50:29,18.28,-70.33,40,74,86.26999999999995,5.1
490,saint-georges,GD,2020-11-14 10:52:06,12.06,-61.75,40,83,82.66999999999996,9.3
491,severomuysk,RU,2020-11-14 10:52:06,56.15,113.43,53,93,-2.3259999999999863,1.02
492,kulhudhuffushi,MV,2020-11-14 10:52:07,6.62,73.07,100,76,83.984,3.58
493,antofagasta,CL,2020-11-14 10:50:05,-23.65,-70.4,20,59,64.66999999999996,4.6
494,amahai,ID,2020-11-14 10:52:07,-3.33,128.92,95,90,83.26400000000004,1.53
495,bagotville,AU,2020-11-14 10:52:07,-28.98,153.42,90,94,75.46999999999997,5.1
496,akureyri,IS,2020-11-14 10:52:07,65.68,-18.09,90,86,34.06999999999996,3.6
497,beyneu,KZ,2020-11-14 10:52:07,45.32,55.2,100,93,33.78200000000002,5.49
498,namie,JP,2020-11-14 10:52:07,37.48,141,0,93,42.27799999999996,1.87
499,skagastrond,,,,,,,,
500,shestakovo,RU,2020-11-14 10:52:08,56.49,103.96,61,94,13.117999999999984,1.3
501,mabaruma,GY,2020-11-14 10:52:08,8.2,-59.78,100,69,86.50399999999996,1.24
502,lapua,FI,2020-11-14 10:52:08,62.97,23.01,100,88,39.272000000000034,1.79
503,verkhnevilyuysk,RU,2020-11-14 10:52:08,63.45,120.32,100,93,4.225999999999988,3.2
504,ulaangom,MN,2020-11-14 10:52:08,49.98,92.07,95,94,23.19800000000002,1.26
505,san patricio,US,2020-11-14 10:52:08,28.02,-97.52,75,83,80.27599999999998,7.2
506,cairns,AU,2020-11-14 10:52:08,-16.92,145.77,90,88,75.46999999999997,0.5
507,kuah,MY,2020-11-14 10:48:06,6.33,99.84,20,94,80.86999999999996,5.79
508,inirida,CO,2020-11-14 10:52:09,3.87,-67.92,83,56,92.46199999999996,0.56
509,afmadu,,,,,,,,
510,chai badan,TH,2020-11-14 10:52:09,15.2,101.13,74,55,73.27400000000002,1.48
511,vaitupu,,,,,,,,
512,waipawa,NZ,2020-11-14 10:52:09,-41.41,175.52,8,82,57.469999999999956,6.7
513,yonezawa,JP,2020-11-14 10:52:09,37.92,140.12,0,74,42.27799999999996,0.68
514,tessalit,ML,2020-11-14 10:52:09,20.2,1.01,0,13,86.01799999999999,6.13
515,karratha,AU,2020-11-14 10:52:09,-20.74,116.85,0,51,77.03599999999997,8.53
516,harper,LR,2020-11-14 10:52:09,4.38,-7.72,35,76,82.292,2.96
517,ambilobe,MG,2020-11-14 10:52:10,-13.2,49.05,21,82,78.33200000000002,1.24
518,onguday,RU,2020-11-14 10:52:10,50.75,86.15,95,82,21.722000000000037,0.55
519,srednekolymsk,RU,2020-11-14 10:52:10,67.45,153.68,0,87,-16.348000000000027,0.34
520,konza,KE,2020-11-14 10:52:10,-1.74,37.13,40,68,71.86999999999996,7.7
521,naze,JP,2020-11-14 10:52:10,28.37,129.48,20,69,73.66999999999996,6.2
522,severnyy,RU,2020-11-14 10:52:11,50.68,36.55,100,92,31.31600000000001,1
523,mananjary,MG,2020-11-14 10:52:11,-21.22,48.33,100,78,71.618,3.22
524,mayo,US,2020-11-14 10:52:11,38.89,-76.51,1,58,56.26400000000004,4.1
525,sao bras de alportel,PT,2020-11-14 10:52:11,37.15,-7.89,75,93,66.46999999999997,3.62
526,ville-marie,CA,2020-11-14 10:52:11,47.33,-79.43,90,79,32.26999999999996,2.6
527,tamasopo,MX,2020-11-14 10:52:11,21.93,-99.48,44,61,71.58200000000002,0.4
528,sekoma,BW,2020-11-14 10:52:11,-24.4,23.88,78,25,85.53200000000001,3.11
529,costa rica,BR,2020-11-14 10:48:58,-23.42,-54.65,4,40,92.56999999999996,3.26
530,leh,IN,2020-11-14 10:52:12,34.17,77.58,100,78,31.819999999999958,2.52
531,mocuba,MZ,2020-11-14 10:52:12,-16.84,36.99,0,51,76.81999999999996,4.14
532,noumea,NC,2020-11-14 10:49:50,-22.28,166.46,0,83,73.66999999999996,1
533,lengshuijiang,CN,2020-11-14 10:52:12,27.69,111.43,0,67,57.21799999999999,0.69
534,eyl,SO,2020-11-14 10:52:12,7.98,49.82,47,72,79.79000000000002,8.24
535,beloha,MG,2020-11-14 10:52:12,-25.17,45.05,0,64,65.80399999999995,5.89
536,chapais,CA,2020-11-14 10:52:12,49.78,-74.85,90,73,26.86999999999996,4.1
537,belmonte,BR,2020-11-14 10:52:12,-15.86,-38.88,20,74,86.26999999999995,5.7
538,westport,US,2020-11-14 10:49:51,41.14,-73.36,1,53,50.26999999999996,5.1
539,kiruna,SE,2020-11-14 10:52:13,67.86,20.23,97,93,35.86999999999996,5.1
540,labuhan,ID,2020-11-14 10:52:13,-6.88,112.21,43,78,83.40800000000002,1.89
541,tilsonburg,,,,,,,,
542,cruzeiro do sul,BR,2020-11-14 10:52:13,-29.51,-51.99,0,39,94.26199999999996,0.45
543,tubalan,PH,2020-11-14 10:52:13,6.5,125.57,7,81,81.28399999999999,3.97
544,nicolas bravo,MX,2020-11-14 10:52:13,18.45,-88.92,75,94,79.06999999999996,1.11
545,coquimbo,CL,2020-11-14 10:52:13,-29.95,-71.34,75,67,61.069999999999965,4.1
546,zhanaozen,KZ,2020-11-14 10:52:14,43.3,52.8,0,73,38.19199999999999,2.96
547,huarmey,PE,2020-11-14 10:52:14,-10.07,-78.15,68,65,69.61999999999996,4.22
548,vokhtoga,RU,2020-11-14 10:52:14,58.81,41.05,100,98,32.88200000000002,0.99
549,kachug,RU,2020-11-14 10:52:14,53.96,105.88,12,93,14.701999999999973,0.57
550,sitka,US,2020-11-14 10:52:14,57.05,-135.33,75,93,35.86999999999996,3.1
551,jalu,LY,2020-11-14 10:52:14,29.03,21.55,1,46,70.7,4.15
552,flin flon,CA,2020-11-14 10:52:14,54.77,-101.86,90,92,21.469999999999956,2.1
553,santa eulalia del rio,,,,,,,,
554,oriximina,BR,2020-11-14 10:52:14,-1.77,-55.87,4,41,96.20600000000003,2.42
555,qaqortoq,GL,2020-11-14 10:52:15,60.72,-46.03,75,66,16.069999999999958,2.1
556,batticaloa,LK,2020-11-14 10:52:15,7.71,81.69,97,81,80.99600000000005,1.67
557,meadow lake,US,2020-11-14 10:52:15,34.8,-106.54,20,48,51.27799999999996,3.6
558,calatagan,PH,2020-11-14 10:52:15,13.88,120.65,1,85,79.95199999999997,6.04
559,mughal sarai,IN,2020-11-14 10:52:15,25.3,83.12,0,64,75.46999999999997,1.5
560,kanakapura,IN,2020-11-14 10:52:15,12.55,77.42,20,73,73.66999999999996,3.1
561,dongsheng,CN,2020-11-14 10:52:15,39.82,109.98,47,69,43.016000000000005,3.01
562,neiafu,TO,2020-11-14 10:52:15,-18.65,-173.98,20,78,77.26999999999995,3.1
563,vardo,NO,2020-11-14 10:52:15,70.37,31.11,20,80,39.469999999999956,10.3
564,nguiu,,,,,,,,
565,kaitong,CN,2020-11-14 10:52:16,44.81,123.15,7,68,40.85600000000003,4.83
566,samarai,PG,2020-11-14 10:52:16,-10.62,150.67,82,79,79.91600000000001,4.16
567,mount isa,AU,2020-11-14 10:52:16,-20.73,139.5,87,65,80.86999999999996,4.1
568,cordele,US,2020-11-14 10:50:36,31.96,-83.78,1,48,70.26799999999999,2.6
569,jining,CN,2020-11-14 10:52:16,35.41,116.58,0,72,53.86999999999996,3.32
570,uglovka,RU,2020-11-14 10:52:16,58.24,33.51,100,88,35.27599999999999,3.23
571,mwinilunga,ZM,2020-11-14 10:52:16,-11.74,24.43,84,84,68.84600000000006,2.59
572,mahon,ES,2020-11-14 10:52:16,39.89,4.27,20,88,66.46999999999997,1.5
573,uige,AO,2020-11-14 10:52:17,-7.61,15.06,75,65,80.86999999999996,4.1
574,ukiah,US,2020-11-14 10:51:18,39.15,-123.21,90,93,39.469999999999956,0.88
575,batemans bay,AU,2020-11-14 10:52:17,-35.72,150.18,91,90,63.266000000000005,0.45
576,kaura namoda,NG,2020-11-14 10:52:17,12.59,6.58,96,20,92.91199999999995,4.63
577,ugoofaaru,MV,2020-11-14 10:52:17,5.67,73,100,76,84.092,3.3
578,sao raimundo nonato,BR,2020-11-14 10:52:17,-9.02,-42.7,7,35,95.12599999999999,3.8
579,yumen,CN,2020-11-14 10:52:17,40.28,97.2,0,87,32.66600000000001,6.58
580,graaff-reinet,ZA,2020-11-14 10:52:17,-32.25,24.53,100,89,64.27400000000002,4.47
581,la antigua,CO,2020-11-14 10:52:18,6.72,-76.08,94,71,70.57400000000001,0.7
582,severo-yeniseyskiy,RU,2020-11-14 10:52:18,60.37,93.04,94,97,10.525999999999986,1.26
583,blackfoot,US,2020-11-14 10:52:18,43.19,-112.34,14,72,30.272000000000038,5.36
584,cheremukhovo,RU,2020-11-14 10:52:18,60.35,59.99,0,93,9.590000000000021,0.87
585,pinega,RU,2020-11-14 10:52:18,64.7,43.39,100,98,32.12599999999999,2.4
586,middelburg,ZA,2020-11-14 10:52:18,-25.78,29.46,0,21,79.75399999999996,4.1
587,lasa,IT,2020-11-14 10:52:18,46.62,10.7,5,65,45.266000000000005,4.1
588,ambositra,MG,2020-11-14 10:52:18,-20.52,47.25,77,88,61.46600000000001,2.87
589,ituni,,,,,,,,
590,port-cartier,CA,2020-11-14 10:52:19,50.03,-66.87,90,94,33.27799999999996,3.1
591,kirakira,SB,2020-11-14 10:52:19,-10.45,161.92,9,82,79.53800000000004,2.79
592,pangai,TO,2020-11-14 10:52:19,-19.8,-174.35,66,80,77.14399999999998,6.79
593,soe,ID,2020-11-14 10:48:18,-9.86,124.28,12,70,68.80999999999997,1.6
594,catuday,PH,2020-11-14 10:52:19,16.29,119.81,57,82,79.95199999999997,3.32
595,kemijarvi,FI,2020-11-14 10:52:20,66.71,27.43,98,89,34.93399999999999,3.68
596,beamsville,CA,2020-11-14 10:50:14,43.17,-79.48,0,56,44.27599999999999,3.6
597,west odessa,US,2020-11-14 10:52:20,31.84,-102.5,1,59,61.069999999999965,6.7
598,boa vista,BR,2020-11-14 10:52:20,2.82,-60.67,75,55,89.86999999999996,2.1
599,eydhafushi,MV,2020-11-14 10:52:20,5.1,73.07,100,77,83.94800000000004,4.25
600,bonthe,SL,2020-11-14 10:52:20,7.53,-12.51,0,57,86.77400000000002,4.3
601,san luis,AR,2020-11-14 10:52:16,-33.3,-66.34,40,77,64.66999999999996,7.7
602,kimbe,PG,2020-11-14 10:51:20,-5.55,150.14,71,87,77.18000000000004,1.17
603,korogwe,,,,,,,,
604,dalby,AU,2020-11-14 10:52:20,-27.18,151.27,0,66,55.66999999999996,2.1
605,dakoro,NE,2020-11-14 10:52:21,14.51,6.76,0,16,90.21199999999996,7.12
606,antalaha,MG,2020-11-14 10:52:21,-14.9,50.28,50,87,75.81199999999995,1.66
607,whitefish,US,2020-11-14 10:50:05,48.41,-114.34,90,69,34.06999999999996,7.7
608,cascais,PT,2020-11-14 10:52:21,38.7,-9.42,75,100,66.27200000000005,3.6
609,buraydah,SA,2020-11-14 10:52:21,26.33,43.98,0,46,73.66999999999996,3.6
610,san vicente,AR,2020-11-14 10:52:21,-26.62,-54.13,0,25,92.73200000000003,2.08
611,emba,KZ,2020-11-14 10:52:21,48.83,58.14,43,94,18.91400000000003,3.45
612,de-kastri,RU,2020-11-14 10:52:21,51.47,140.78,66,92,28.25600000000003,1.57
613,enumclaw,US,2020-11-14 10:52:21,47.2,-121.99,83,83,43.26799999999999,0.45
614,santa rosa,PH,2020-11-14 10:52:21,14.31,121.11,20,78,82.66999999999996,1.5
615,mindelo,CV,2020-11-14 10:52:22,16.89,-24.98,40,46,89.86999999999996,7.7
616,adrar,MR,2020-11-14 10:52:22,20.5,-10.07,11,12,89.50999999999999,6.24
617,katherine,AU,2020-11-14 10:52:22,-14.47,132.27,75,83,79.06999999999996,3.6
618,dunedin,NZ,2020-11-14 10:52:22,-45.87,170.5,100,68,60.27799999999996,4.6
619,bundaberg,AU,2020-11-14 10:47:30,-24.85,152.35,90,83,77.26999999999995,5.7
620,sterlibashevo,RU,2020-11-14 10:52:22,53.44,55.26,81,95,14.558000000000003,5.26
621,kinsale,IE,2020-11-14 10:52:22,51.71,-8.53,75,87,52.26799999999999,11.8
622,xambioa,BR,2020-11-14 10:52:22,-6.41,-48.54,90,35,98.07799999999996,2.39
623,cuamba,MZ,2020-11-14 10:52:22,-14.8,36.54,1,29,80.69000000000003,3.84
624,itarema,BR,2020-11-14 10:52:22,-2.92,-39.92,99,54,90.05000000000001,9.32
625,kongsberg,NO,2020-11-14 10:52:23,59.67,9.65,96,92,40.26199999999996,1.49
626,bolungarvik,,,,,,,,
627,rocha,UY,2020-11-14 10:52:23,-34.48,-54.33,56,57,78.78200000000001,0.46
628,rurrenabaque,BO,2020-11-14 10:52:23,-14.44,-67.53,75,66,89.86999999999996,2.9
629,laem sing,TH,2020-11-14 10:52:23,12.48,102.07,82,66,75.93800000000005,4.15
630,dukat,RU,2020-11-14 10:52:23,62.55,155.55,100,93,2.6960000000000477,1.4
631,lompoc,US,2020-11-14 10:52:23,34.64,-120.46,90,100,49.26199999999996,2.1
632,molinella,IT,2020-11-14 10:52:23,44.62,11.67,75,76,55.66999999999996,1
633,marabba,SD,2020-11-14 10:52:23,12.35,32.18,3,20,88.808,4.21
634,zhangye,CN,2020-11-14 10:52:24,38.93,100.45,12,56,41.48599999999997,2.26
635,sisimiut,GL,2020-11-14 10:52:24,66.94,-53.67,8,88,14.432000000000016,5.59
636,bengkulu,ID,2020-11-14 10:52:24,-3.8,102.27,100,89,78.87200000000004,1.97
637,epitalion,GR,2020-11-14 10:52:24,37.63,21.5,20,82,66.46999999999997,2.1
638,vestbygda,,,,,,,,
639,el limon,VE,2020-11-14 10:52:24,10.31,-67.63,78,65,82.23800000000006,1.08
640,kvitok,RU,2020-11-14 10:52:24,56.07,98.48,80,93,22.04600000000005,1.23
641,longonjo,AO,2020-11-14 10:52:24,-12.91,15.25,59,79,71.67200000000004,1.71
642,portland,US,2020-11-14 10:47:59,45.52,-122.68,90,81,45.266000000000005,3.6
643,pacific grove,US,2020-11-14 10:52:24,36.62,-121.92,40,100,51.27799999999996,2.48
644,langenburg,DE,2020-11-14 10:52:25,49.25,9.85,0,55,61.069999999999965,1
